t_trial_s,face_detected,pose_detected,avg_ar,l_wrist_hip,r_wrist_hip,mid_shoulder_x,l_ankle_x,r_ankle_x,l_foot_y,r_foot_y,l_hip_angle,r_hip_angle,raw_EYES_OPEN,raw_HANDS_OFF_HIPS,raw_STUMBLE_SWAY,raw_HIP_ABDUCTION,raw_FOOT_LIFT
0.005,False,True,0.0,0.0759,0.0811,0.479,0.5158,0.4656,0.8111,0.8095,170.1,166.62,False,False,False,False,False
0.039,False,True,0.0,0.076,0.0806,0.4791,0.5161,0.4656,0.8112,0.8095,169.97,166.5,False,False,False,False,False
0.072,False,True,0.0,0.0762,0.0807,0.4791,0.5164,0.4656,0.8112,0.8096,169.9,166.48,False,False,False,False,False
0.106,False,True,0.0,0.076,0.0808,0.4791,0.5164,0.4659,0.8114,0.8098,170.01,166.32,False,False,False,False,False
0.139,False,True,0.0,0.0763,0.0807,0.479,0.5179,0.4664,0.8114,0.8098,169.98,166.36,False,False,False,False,False
0.172,False,True,0.0,0.0765,0.0806,0.4789,0.5183,0.4665,0.8115,0.8098,170.14,166.42,False,False,False,False,False
0.206,False,True,0.0,0.0766,0.0805,0.4787,0.5185,0.4672,0.8119,0.8099,170.02,166.39,False,False,False,False,False
0.239,False,True,0.0,0.076,0.0805,0.4786,0.5185,0.4672,0.8119,0.81,170.02,166.32,False,False,False,False,False
0.273,False,True,0.0,0.076,0.0805,0.4782,0.5187,0.4674,0.8118,0.81,170.04,166.36,False,False,False,False,False
0.306,False,True,0.0,0.0757,0.0809,0.4776,0.5186,0.4677,0.8118,0.81,170.25,166.09,False,False,False,False,False
0.339,False,True,0.0,0.0756,0.0808,0.4768,0.5194,0.4679,0.8119,0.81,170.21,165.87,False,False,False,False,False
0.373,False,True,0.0,0.0759,0.0807,0.4761,0.5194,0.4682,0.8117,0.81,170.23,165.93,False,False,False,False,False
0.406,False,True,0.0,0.0753,0.0811,0.4748,0.5194,0.4683,0.8117,0.8099,170.58,165.73,False,False,False,False,False
0.44,False,True,0.0,0.0756,0.0811,0.474,0.5195,0.4683,0.8117,0.8099,170.79,165.62,False,False,False,False,False
0.473,False,True,0.0,0.0758,0.0809,0.473,0.5196,0.4685,0.8115,0.8099,170.99,165.36,False,False,False,False,False
0.506,False,True,0.0,0.0763,0.081,0.4718,0.5196,0.4686,0.8112,0.8099,171.11,165.12,False,False,False,False,False
0.54,False,True,0.0,0.0758,0.0814,0.4706,0.5194,0.4684,0.8111,0.8098,171.33,164.66,False,False,False,False,False
0.573,False,True,0.0,0.0765,0.0812,0.4691,0.5173,0.4683,0.8096,0.8098,171.83,164.27,False,False,False,False,False
0.606,False,True,0.0,0.077,0.081,0.4679,0.5155,0.4683,0.8091,0.8099,171.91,163.95,False,False,False,False,False
0.64,False,True,0.0,0.077,0.0809,0.4663,0.5158,0.4683,0.809,0.8099,172.21,163.2,False,False,False,False,False
0.673,False,True,0.0,0.0772,0.0808,0.4645,0.5157,0.469,0.809,0.81,172.89,162.72,False,False,False,False,False
0.707,False,True,0.0,0.0776,0.0802,0.4627,0.516,0.4696,0.8099,0.8101,173.71,162.26,False,False,False,False,False
0.74,False,True,0.0,0.0786,0.0798,0.4596,0.5157,0.4696,0.8101,0.8103,175.05,161.56,False,False,False,False,False
0.773,False,True,0.0,0.0787,0.0788,0.4572,0.5156,0.4695,0.81,0.8112,176.45,160.86,False,False,False,False,False
0.807,False,True,0.0,0.0789,0.0787,0.4542,0.5158,0.4692,0.81,0.8114,177.59,159.91,False,False,False,False,False
0.84,False,True,0.0,0.0791,0.0778,0.4513,0.5161,0.4687,0.8099,0.8114,178.73,159.35,False,False,False,False,False
0.874,False,True,0.0,0.0793,0.0783,0.45,0.5161,0.4687,0.8096,0.8115,179.75,158.59,False,False,False,False,False
0.907,False,True,0.0,0.0803,0.0776,0.4474,0.5162,0.4687,0.8101,0.8115,179.3,158.46,False,False,False,False,False
0.94,False,True,0.0,0.0805,0.0783,0.4465,0.5163,0.4687,0.8106,0.8114,178.3,157.87,False,False,False,False,False
0.974,False,True,0.0,0.0808,0.0778,0.4457,0.5185,0.4687,0.813,0.8111,178.16,157.58,False,False,False,False,False
1.007,False,True,0.0,0.0808,0.0781,0.4448,0.5185,0.4687,0.8127,0.8109,177.23,157.12,False,False,False,False,False
1.041,False,True,0.0,0.081,0.0777,0.4444,0.5198,0.4688,0.8135,0.8101,177.21,156.8,False,False,False,False,False
1.074,False,True,0.0,0.0809,0.0778,0.4442,0.521,0.4688,0.8144,0.8102,176.99,156.65,False,False,False,False,False
1.107,False,True,0.0,0.0808,0.0773,0.4439,0.5216,0.4689,0.8146,0.8102,176.97,156.53,False,False,False,False,False
1.141,False,True,0.0,0.0806,0.0774,0.444,0.5214,0.4687,0.8143,0.8097,176.91,156.33,False,False,False,False,False
1.174,False,True,0.0,0.0806,0.0774,0.4441,0.5215,0.4687,0.8142,0.8096,176.66,156.38,False,False,False,False,False
1.208,False,True,0.0,0.0805,0.0773,0.4442,0.5212,0.4686,0.8135,0.8092,176.69,156.43,False,False,False,False,False
1.241,False,True,0.0,0.0809,0.0776,0.4442,0.521,0.4682,0.8134,0.8092,177.18,156.65,False,False,False,False,False
1.274,False,True,0.0,0.0808,0.0777,0.4442,0.5206,0.4683,0.8104,0.8093,177.19,156.66,False,False,False,False,False
1.308,False,True,0.0,0.0805,0.0771,0.4445,0.5202,0.468,0.8101,0.8088,177.44,157.12,False,False,False,False,False
1.341,False,True,0.0,0.0809,0.077,0.4447,0.5194,0.4677,0.8086,0.8088,177.89,157.55,False,False,False,False,False
1.375,False,True,0.0,0.0812,0.077,0.4453,0.519,0.4672,0.8083,0.8087,178.28,157.48,False,False,False,False,False
1.408,False,True,0.0,0.0803,0.0764,0.4458,0.5178,0.4669,0.808,0.8086,178.85,157.79,False,False,False,False,False
1.441,False,True,0.0,0.0802,0.0762,0.4468,0.5158,0.4667,0.8078,0.8092,178.55,158.12,False,False,False,False,False
1.475,False,True,0.0,0.0799,0.0767,0.4478,0.5145,0.4665,0.8063,0.8092,178.93,157.74,False,False,False,False,False
1.508,False,True,0.0,0.08,0.0769,0.4489,0.5141,0.4662,0.8061,0.8093,179.57,158.24,False,False,False,False,False
1.542,False,True,0.0,0.0798,0.077,0.4497,0.5129,0.4651,0.806,0.8092,179.86,158.59,False,False,False,False,False
1.575,False,True,0.0,0.0797,0.0771,0.4506,0.5125,0.4649,0.806,0.8094,179.63,158.71,False,False,False,False,False
1.608,False,True,0.0,0.0798,0.0773,0.4517,0.5123,0.4649,0.806,0.809,179.34,159.33,False,False,False,False,False
1.642,False,True,0.0,0.0799,0.0774,0.4526,0.512,0.4644,0.8059,0.8085,178.95,159.75,False,False,False,False,False
1.675,False,True,0.0,0.0799,0.0774,0.4535,0.5119,0.4643,0.8058,0.808,178.63,160.11,False,False,False,False,False
1.708,False,True,0.0,0.0796,0.0772,0.4538,0.5109,0.4643,0.8057,0.8077,178.45,160.34,False,False,False,False,False
1.742,False,True,0.0,0.0794,0.0774,0.4541,0.5106,0.4644,0.8051,0.8073,178.41,160.54,False,False,False,False,False
1.775,False,True,0.0,0.0797,0.0775,0.4546,0.51,0.4643,0.805,0.8073,178.12,160.84,False,False,False,False,False
1.809,False,True,0.0,0.0793,0.0773,0.4549,0.5108,0.4644,0.8052,0.8065,177.99,161.12,False,False,False,False,False
1.842,False,True,0.0,0.0793,0.0776,0.4557,0.512,0.4653,0.8058,0.8064,177.65,161.66,False,False,False,False,False
1.875,False,True,0.0,0.0791,0.0774,0.4561,0.5125,0.4657,0.8068,0.8064,177.47,161.9,False,False,False,False,False
1.909,False,True,0.0,0.0789,0.0773,0.4561,0.5125,0.4655,0.8068,0.8063,177.42,161.91,False,False,False,False,False
1.942,False,True,0.0,0.0786,0.0773,0.4562,0.512,0.4653,0.8061,0.8061,177.49,161.95,False,False,False,False,False
1.976,False,True,0.0,0.0786,0.0772,0.4562,0.512,0.4653,0.806,0.806,177.47,161.94,False,False,False,False,False
2.009,False,True,0.0,0.0785,0.0771,0.4562,0.5125,0.4649,0.8057,0.8059,177.42,161.94,False,False,False,False,False
2.042,False,True,0.0,0.0791,0.0774,0.4565,0.5125,0.4648,0.8053,0.8059,177.33,162.06,False,False,False,False,False
2.076,False,True,0.0,0.0791,0.0774,0.4568,0.5125,0.4645,0.8053,0.806,177.28,162.16,False,False,False,False,False
2.109,False,True,0.0,0.0792,0.0774,0.4571,0.5125,0.4643,0.8053,0.806,177.18,162.34,False,False,False,False,False
2.143,False,True,0.0,0.0795,0.0777,0.4576,0.5125,0.4643,0.8053,0.806,177.09,162.39,False,False,False,False,False
2.176,False,True,0.0,0.0795,0.0775,0.4583,0.5126,0.4642,0.8053,0.806,176.84,162.58,False,False,False,False,False
2.209,False,True,0.0,0.0795,0.0778,0.4589,0.5126,0.4644,0.8061,0.8059,176.63,162.64,False,False,False,False,False
2.243,False,True,0.0,0.0794,0.0777,0.4598,0.5125,0.4642,0.8061,0.8058,176.49,162.84,False,False,False,False,False
2.276,False,True,0.0,0.0796,0.0773,0.4609,0.5124,0.4644,0.8061,0.8056,176.27,163.16,False,False,False,False,False
2.31,False,True,0.0,0.0797,0.0769,0.4621,0.513,0.4645,0.8063,0.8056,175.67,163.46,False,False,False,False,False
2.343,False,True,0.0,0.0798,0.0768,0.4635,0.513,0.4645,0.8062,0.8056,175.21,163.9,False,False,False,False,False
2.376,False,True,0.0,0.0802,0.0771,0.4656,0.5133,0.4645,0.8082,0.8058,174.47,164.49,False,False,False,False,False
2.41,False,True,0.0,0.0804,0.0771,0.467,0.5135,0.4645,0.8081,0.8058,174.01,164.7,False,False,False,False,False
2.443,False,True,0.0,0.08,0.0768,0.4685,0.5138,0.4646,0.8073,0.8057,173.45,164.91,False,False,False,False,False
2.477,False,True,0.0,0.0796,0.0765,0.4703,0.514,0.4646,0.806,0.805,172.75,165.32,False,False,False,False,False
2.51,False,True,0.0,0.0793,0.0765,0.4718,0.5138,0.4645,0.8039,0.8047,172.12,165.89,False,False,False,False,False
2.543,False,True,0.0,0.0794,0.077,0.4736,0.5146,0.4646,0.8043,0.8044,171.43,166.49,False,False,False,False,False
2.577,False,True,0.0,0.0791,0.0771,0.4761,0.5152,0.4647,0.8043,0.8041,170.6,167.45,False,False,False,False,False
2.61,False,True,0.0,0.0794,0.0773,0.4778,0.5159,0.4647,0.8046,0.8033,169.86,168.26,False,False,False,False,False
2.643,False,True,0.0,0.0795,0.0771,0.4802,0.5175,0.4642,0.8057,0.8034,168.91,169.64,False,False,False,False,False
2.677,False,True,0.0,0.0798,0.0769,0.4824,0.5174,0.4634,0.8057,0.8033,168.08,170.69,False,False,False,False,False
2.71,False,True,0.0,0.0794,0.0777,0.4842,0.5177,0.4633,0.8057,0.8042,167.45,171.58,False,False,False,False,False
2.744,False,True,0.0,0.0795,0.0779,0.4866,0.5188,0.4633,0.8058,0.8047,166.5,172.78,False,False,False,False,False
2.777,False,True,0.0,0.0789,0.0786,0.4888,0.5188,0.4633,0.8058,0.805,165.64,173.93,False,False,False,False,False
2.81,False,True,0.0,0.0784,0.0792,0.4908,0.5183,0.4629,0.8061,0.8054,165.54,175.29,False,False,False,False,False
2.844,False,True,0.0,0.0789,0.0795,0.4926,0.5183,0.4629,0.8062,0.8054,164.38,177.47,False,False,False,False,False
2.877,False,True,0.0,0.0791,0.0795,0.4948,0.5183,0.4633,0.8069,0.8059,163.92,178.97,False,False,False,False,False
2.911,False,True,0.0,0.078,0.0795,0.4969,0.5188,0.4634,0.8071,0.806,162.67,178.91,False,False,False,False,False
2.944,False,True,0.0,0.0792,0.0794,0.4995,0.5196,0.4647,0.807,0.8069,161.22,176.81,False,False,False,False,False
2.977,False,True,0.0,0.0786,0.0789,0.5017,0.5196,0.4653,0.807,0.8074,161.07,174.73,False,False,False,False,False
3.011,False,True,0.0,0.0786,0.0803,0.5048,0.5199,0.4665,0.807,0.8072,160.09,172.86,False,False,False,False,False
3.044,False,True,0.0,0.0787,0.0798,0.5069,0.5212,0.4667,0.807,0.8069,159.4,170.91,False,False,False,False,False
3.078,False,True,0.0,0.0783,0.0788,0.5093,0.522,0.4665,0.807,0.808,158.02,169.43,False,False,False,False,False
3.111,False,True,0.0,0.0783,0.0783,0.5115,0.5221,0.4664,0.8068,0.8082,157.4,168.03,False,False,False,False,False
3.144,False,True,0.0,0.0787,0.0779,0.514,0.5224,0.4655,0.8066,0.8088,156.52,166.92,False,False,False,False,False
3.178,False,True,0.0,0.0793,0.0767,0.5168,0.524,0.4655,0.8066,0.809,154.06,164.59,False,False,False,False,False
3.211,False,True,0.0,0.08,0.0761,0.5198,0.5261,0.4655,0.807,0.809,151.64,162.34,False,False,False,False,False
3.245,False,True,0.0,0.0788,0.0755,0.5237,0.5272,0.4656,0.8072,0.809,149.83,160.39,False,False,False,True,False
3.278,False,True,0.0,0.0791,0.0753,0.5266,0.5289,0.4663,0.8077,0.809,147.92,158.33,False,False,False,True,False
3.311,False,True,0.0,0.0784,0.0748,0.53,0.5289,0.4665,0.8073,0.8062,146.75,156.68,False,False,False,True,False
3.345,False,True,0.0,0.0789,0.0738,0.5323,0.5291,0.4678,0.8071,0.8063,145.28,154.84,False,False,False,True,False
3.378,False,True,0.0,0.0792,0.0727,0.5351,0.5293,0.4686,0.8059,0.8049,144.74,154.12,False,False,False,True,False
3.412,False,True,0.0,0.0771,0.073,0.5382,0.5294,0.4691,0.8052,0.804,144.16,152.71,False,False,False,True,False
3.445,False,True,0.0,0.077,0.0735,0.541,0.5296,0.4693,0.8051,0.804,142.92,151.43,False,False,False,True,False
3.478,False,True,0.0,0.0741,0.0739,0.5434,0.5287,0.4724,0.8027,0.8034,142.5,150.36,False,False,False,True,False
3.512,False,True,0.0,0.0743,0.0726,0.5461,0.5287,0.4759,0.8025,0.8031,140.94,149.33,False,False,False,True,False
3.545,False,True,0.0,0.0743,0.0725,0.5498,0.5289,0.4758,0.8026,0.8031,140.63,147.45,False,False,False,True,False
3.579,False,True,0.0,0.0739,0.0721,0.5516,0.5289,0.4756,0.8025,0.8033,139.62,146.08,False,False,False,True,False
3.612,False,True,0.0,0.0742,0.0723,0.5532,0.5284,0.4755,0.8019,0.8028,138.58,144.61,False,False,False,True,False
3.645,False,True,0.0,0.0739,0.0721,0.5553,0.5271,0.4753,0.8008,0.8025,139.05,143.66,False,False,False,True,False
3.679,False,True,0.0,0.0745,0.0713,0.5571,0.5274,0.4752,0.7995,0.8014,138.7,142.43,False,False,False,True,False
3.712,False,True,0.0,0.0748,0.0709,0.5588,0.5296,0.4751,0.7992,0.8007,137.86,141.69,False,False,False,True,False
3.745,False,True,0.0,0.0747,0.0695,0.5604,0.5298,0.4751,0.7975,0.7996,137.92,140.24,False,False,False,True,False
3.779,False,True,0.0,0.0736,0.0694,0.5614,0.5296,0.4744,0.7973,0.7976,138.35,140.8,False,False,False,True,False
3.812,False,True,0.0,0.0745,0.0675,0.5639,0.5301,0.4731,0.7957,0.796,137.03,140.98,False,False,False,True,False
3.846,False,True,0.0,0.0745,0.0668,0.564,0.5301,0.4731,0.7949,0.7954,136.21,141.65,False,False,False,True,False
3.879,False,True,0.0,0.0738,0.0663,0.5634,0.5301,0.4693,0.7931,0.7939,136.41,141.92,False,False,False,True,False
3.912,False,True,0.0,0.0739,0.0664,0.564,0.53,0.4671,0.7914,0.7928,136.38,141.84,False,False,False,True,False
3.946,False,True,0.0,0.0734,0.0648,0.5638,0.5302,0.467,0.7897,0.7911,136.47,142.43,False,False,False,True,True
3.979,False,True,0.0,0.0732,0.0649,0.5638,0.5301,0.467,0.7887,0.7899,136.56,142.65,False,False,False,True,True
4.013,False,True,0.0,0.0734,0.0647,0.5641,0.5301,0.4671,0.7892,0.7901,136.47,142.62,False,False,False,True,True
4.046,False,True,0.0,0.0742,0.0648,0.5641,0.5297,0.4673,0.7881,0.7899,136.54,142.73,False,False,False,True,True
4.079,False,True,0.0,0.0742,0.0648,0.5641,0.53,0.4678,0.7888,0.79,136.94,142.77,False,False,False,True,True
4.113,False,True,0.0,0.0742,0.0647,0.5641,0.5301,0.4688,0.789,0.7901,137.48,143.01,False,False,False,True,True
4.146,False,True,0.0,0.0747,0.065,0.5636,0.5305,0.4691,0.7908,0.7902,137.94,142.93,False,False,False,True,False
4.18,False,True,0.0,0.0749,0.0655,0.5629,0.5327,0.4713,0.792,0.7923,139.16,143.36,False,False,False,True,False
4.213,False,True,0.0,0.0747,0.066,0.5616,0.5325,0.4714,0.7919,0.7933,139.51,143.51,False,False,False,True,False
4.246,False,True,0.0,0.0749,0.0665,0.5605,0.5316,0.4708,0.7919,0.7933,139.99,144.37,False,False,False,True,False
4.28,False,True,0.0,0.0757,0.0675,0.5584,0.5315,0.4718,0.7919,0.7933,140.23,145.1,False,False,False,True,False
4.313,False,True,0.0,0.0759,0.0685,0.5559,0.5312,0.4722,0.7921,0.7933,141.03,146.27,False,False,False,True,False
4.347,False,True,0.0,0.0757,0.0694,0.5533,0.5312,0.472,0.7924,0.7935,140.39,147.22,False,False,False,True,False
4.38,False,True,0.0,0.0755,0.0701,0.552,0.5311,0.4721,0.7924,0.7931,139.74,148.15,False,False,False,True,False
4.413,False,True,0.0,0.0766,0.0706,0.5492,0.5293,0.4715,0.7924,0.7931,140.59,149.57,False,False,False,True,False
4.447,False,True,0.0,0.0774,0.071,0.5465,0.5286,0.4698,0.7924,0.7931,140.94,151.5,False,False,False,True,False
4.48,False,True,0.0,0.0783,0.0714,0.5432,0.5285,0.4686,0.7924,0.7928,141.31,153.3,False,False,False,True,False
4.514,False,True,0.0,0.0792,0.072,0.5394,0.528,0.4687,0.7927,0.7939,142.65,154.15,False,False,False,True,False
4.547,False,True,0.0,0.0808,0.0742,0.5359,0.5282,0.4682,0.7935,0.7933,143.87,156.32,False,False,False,True,False
4.58,False,True,0.0,0.081,0.0747,0.5324,0.5283,0.467,0.7949,0.7932,144.15,158.53,False,False,False,True,False
4.614,False,True,0.0,0.0814,0.0756,0.5296,0.5276,0.4656,0.7949,0.7933,144.61,159.76,False,False,False,True,False
4.647,False,True,0.0,0.0825,0.0762,0.5272,0.5271,0.4652,0.7948,0.794,145.51,161.19,False,False,False,True,False
4.68,False,True,0.0,0.0818,0.0771,0.5243,0.5252,0.4651,0.7948,0.7956,146.0,163.42,False,False,False,True,False
4.714,False,True,0.0,0.0821,0.077,0.5224,0.5227,0.4643,0.7946,0.7977,146.81,164.43,False,False,False,True,False
4.747,False,True,0.0,0.0827,0.0778,0.5215,0.5202,0.4641,0.7937,0.798,148.24,166.37,False,False,False,True,False
4.781,False,True,0.0,0.0833,0.0777,0.5195,0.52,0.4643,0.7936,0.7981,150.04,167.26,False,False,False,False,False
4.814,False,True,0.0,0.0835,0.0784,0.5171,0.5202,0.4643,0.7941,0.7981,152.11,169.29,False,False,False,False,False
4.847,False,True,0.0,0.0832,0.0781,0.5152,0.5203,0.4662,0.794,0.7981,152.4,170.86,False,False,False,False,False
4.881,False,True,0.0,0.0837,0.0774,0.5131,0.5203,0.4675,0.7941,0.798,153.34,171.59,False,False,False,False,False
4.914,False,True,0.0,0.0839,0.0783,0.5116,0.5205,0.4687,0.7944,0.7981,154.44,172.69,False,False,False,False,False
4.948,False,True,0.0,0.0845,0.0784,0.5097,0.5204,0.4688,0.7944,0.798,156.19,174.32,False,False,False,False,False
4.981,False,True,0.0,0.0834,0.0784,0.5081,0.5206,0.4687,0.7957,0.798,156.76,175.2,False,False,False,False,False
5.014,False,True,0.0,0.0838,0.0775,0.5062,0.5214,0.4687,0.7984,0.7985,157.78,176.28,False,False,False,False,False
5.048,False,True,0.0,0.0829,0.0776,0.5047,0.5214,0.4687,0.7986,0.7984,159.42,178.01,False,False,False,False,False
5.081,False,True,0.0,0.0829,0.0775,0.5037,0.521,0.4683,0.7981,0.798,161.14,179.38,False,False,False,False,False
5.115,False,True,0.0,0.0823,0.0774,0.5024,0.5211,0.4682,0.7982,0.798,162.83,179.03,False,False,False,False,False
5.148,False,True,0.0,0.0828,0.0765,0.5001,0.5212,0.4675,0.7981,0.798,163.81,177.6,False,False,False,False,False
5.181,False,True,0.0,0.0826,0.0768,0.4988,0.5213,0.4672,0.7983,0.798,164.88,176.14,False,False,False,False,False
5.215,False,True,0.0,0.083,0.0763,0.4966,0.5213,0.467,0.7992,0.7969,166.01,174.03,False,False,False,False,False
5.248,False,True,0.0,0.0824,0.0761,0.4951,0.5215,0.4664,0.7993,0.7958,166.85,172.14,False,False,False,False,False
5.282,False,True,0.0,0.0825,0.0758,0.4936,0.5215,0.4659,0.8001,0.7958,168.12,170.86,False,False,False,False,False
5.315,False,True,0.0,0.0829,0.0747,0.4925,0.522,0.4659,0.8005,0.7957,168.68,169.75,False,False,False,False,False
5.348,False,True,0.0,0.0825,0.074,0.4908,0.5228,0.4664,0.8007,0.7955,169.92,168.45,False,False,False,False,False
5.382,False,True,0.0,0.0826,0.0741,0.4891,0.5244,0.4683,0.8008,0.7938,170.72,167.39,False,False,False,False,False
5.415,False,True,0.0,0.0825,0.074,0.487,0.5248,0.4707,0.801,0.7938,170.88,166.37,False,False,False,False,False
5.449,False,True,0.0,0.0822,0.074,0.4863,0.5258,0.4714,0.801,0.7935,170.82,165.94,False,False,False,False,False
5.482,False,True,0.0,0.0821,0.0739,0.4857,0.5276,0.4722,0.8009,0.7931,170.93,165.6,False,False,False,False,False
5.515,False,True,0.0,0.0823,0.0739,0.4855,0.5287,0.4726,0.8009,0.7926,170.91,165.4,False,False,False,False,False
5.549,False,True,0.0,0.0825,0.0738,0.4854,0.5291,0.4732,0.8008,0.7926,170.88,165.37,False,False,False,False,False
5.582,False,True,0.0,0.0823,0.0738,0.4854,0.5293,0.4737,0.8006,0.7924,170.86,165.57,False,False,False,False,False
5.616,False,True,0.0,0.0823,0.0737,0.4855,0.5298,0.4737,0.8004,0.7923,170.79,165.65,False,False,False,False,False
5.649,False,True,0.0,0.0823,0.0736,0.4856,0.53,0.4736,0.8004,0.7924,170.73,165.94,False,False,False,False,False
5.682,False,True,0.0,0.0826,0.0732,0.4856,0.5304,0.4736,0.8002,0.7924,170.53,166.43,False,False,False,False,False
5.716,False,True,0.0,0.0826,0.073,0.4857,0.5306,0.4728,0.8004,0.7927,170.41,166.82,False,False,False,False,False
5.749,False,True,0.0,0.0826,0.0729,0.4859,0.5303,0.4722,0.8004,0.7929,170.15,167.15,False,False,False,False,False
5.782,False,True,0.0,0.0828,0.0728,0.486,0.5297,0.4712,0.8004,0.7929,169.84,167.55,False,False,False,False,False
5.816,False,True,0.0,0.0825,0.0727,0.486,0.5294,0.4707,0.8005,0.793,169.71,167.84,False,False,False,False,False
5.849,False,True,0.0,0.0817,0.0732,0.4861,0.5289,0.4703,0.8006,0.7934,169.43,167.89,False,False,False,False,False
5.883,False,True,0.0,0.0817,0.0733,0.4862,0.5286,0.4695,0.8011,0.7936,169.18,168.2,False,False,False,False,False
5.916,False,True,0.0,0.0811,0.0735,0.4862,0.5283,0.4687,0.8014,0.7938,169.11,168.63,False,False,False,False,False
5.949,False,True,0.0,0.0808,0.0734,0.4863,0.528,0.4674,0.8014,0.7941,169.17,168.72,False,False,False,False,False
5.983,False,True,0.0,0.0807,0.0729,0.4864,0.5274,0.4671,0.801,0.794,169.26,169.19,False,False,False,False,False
6.016,False,True,0.0,0.0808,0.0724,0.4864,0.5271,0.466,0.8008,0.794,169.11,169.71,False,False,False,False,False
6.05,False,True,0.0,0.0806,0.0726,0.4864,0.527,0.4653,0.8007,0.7939,169.01,169.74,False,False,False,False,False
6.083,False,True,0.0,0.0804,0.0722,0.4863,0.5265,0.4652,0.8007,0.794,169.14,169.89,False,False,False,False,False
6.116,False,True,0.0,0.0803,0.0722,0.4863,0.5265,0.4648,0.8011,0.794,169.09,169.5,False,False,False,False,False
6.15,False,True,0.0,0.08,0.072,0.4863,0.5263,0.4646,0.8011,0.794,169.08,169.12,False,False,False,False,False
6.183,False,True,0.0,0.0802,0.0721,0.4862,0.5263,0.4646,0.8011,0.794,169.19,168.75,False,False,False,False,False
6.217,False,True,0.0,0.0802,0.0728,0.4862,0.5264,0.4657,0.8011,0.7936,169.34,168.4,False,False,False,False,False
6.25,False,True,0.0,0.0805,0.0734,0.4861,0.5264,0.4664,0.8012,0.7931,169.62,167.78,False,False,False,False,False
6.283,False,True,0.0,0.0801,0.0728,0.4859,0.5256,0.4686,0.8011,0.7931,169.81,166.49,False,False,False,False,False
6.317,False,True,0.0,0.081,0.0737,0.4859,0.5255,0.4691,0.8013,0.7929,169.6,164.98,False,False,False,False,False
6.35,False,True,0.0,0.0809,0.0746,0.4857,0.5242,0.4688,0.8012,0.7929,170.26,162.99,False,False,False,False,False
6.384,False,True,0.0,0.0812,0.0754,0.4853,0.5233,0.4695,0.8012,0.7925,170.08,162.82,False,False,False,False,False
6.417,False,True,0.0,0.0817,0.0742,0.4851,0.5234,0.4695,0.8028,0.7925,169.76,162.78,False,False,False,False,False
6.45,False,True,0.0,0.0812,0.0727,0.4847,0.5238,0.4694,0.8043,0.7934,169.04,162.51,False,False,False,False,False
6.484,False,True,0.0,0.0812,0.0717,0.4841,0.5255,0.4694,0.8054,0.7934,169.08,162.86,False,False,False,False,False
6.517,False,True,0.0,0.081,0.0706,0.4838,0.5258,0.4692,0.8048,0.7936,169.34,162.26,False,False,False,False,False
6.551,False,True,0.0,0.0794,0.07,0.4833,0.5259,0.4687,0.8022,0.7935,170.09,161.45,False,False,False,False,False
6.584,False,True,0.0,0.079,0.0693,0.483,0.5262,0.4687,0.8021,0.794,171.27,160.75,False,False,False,False,False
6.617,False,True,0.0,0.0794,0.0695,0.483,0.5261,0.4677,0.8018,0.794,172.75,160.29,False,False,False,False,False
6.651,False,True,0.0,0.0792,0.069,0.4829,0.5262,0.4669,0.8018,0.7945,175.23,159.98,False,False,False,False,False
6.684,False,True,0.0,0.0782,0.0683,0.4828,0.5264,0.4669,0.8018,0.7948,176.64,159.68,False,False,False,False,False
6.717,False,True,0.0,0.0772,0.0687,0.4828,0.5265,0.467,0.8017,0.7947,177.66,159.16,False,False,False,False,False
6.751,False,True,0.0,0.0763,0.0678,0.4829,0.526,0.4663,0.8022,0.7954,177.65,158.97,False,False,False,False,False
6.784,False,True,0.0,0.077,0.0694,0.4829,0.5261,0.4664,0.8022,0.7955,177.96,158.94,False,False,False,False,False
6.818,False,True,0.0,0.0756,0.0685,0.483,0.5262,0.4664,0.8029,0.7957,177.8,158.85,False,False,False,False,False
6.851,False,True,0.0,0.0755,0.0687,0.483,0.5263,0.4665,0.8026,0.7958,177.81,158.86,False,False,False,False,False
6.884,False,True,0.0,0.0753,0.0696,0.4833,0.5264,0.4667,0.8026,0.7958,178.21,159.22,False,False,False,False,False
6.918,False,True,0.0,0.0752,0.0698,0.4835,0.5256,0.4667,0.8026,0.7972,178.44,159.42,False,False,False,False,False
6.951,False,True,0.0,0.0752,0.0693,0.4836,0.5262,0.4667,0.8026,0.797,178.53,159.59,False,False,False,False,False
6.985,False,True,0.0,0.0753,0.0692,0.4838,0.5262,0.4667,0.8027,0.7965,178.28,160.11,False,False,False,False,False
7.018,False,True,0.0,0.074,0.0685,0.484,0.5267,0.4661,0.8024,0.7964,177.85,160.13,False,False,False,False,False
7.051,False,True,0.0,0.0755,0.0701,0.4841,0.5276,0.466,0.8024,0.7963,177.73,160.24,False,False,False,False,False
7.085,False,True,0.0,0.0753,0.0702,0.4843,0.5278,0.4661,0.8024,0.7963,177.51,161.23,False,False,False,False,False
7.118,False,True,0.0,0.075,0.0706,0.4847,0.5286,0.4662,0.8032,0.7963,176.7,161.36,False,False,False,False,False
7.152,False,True,0.0,0.0754,0.0708,0.4853,0.5305,0.4676,0.8034,0.7967,176.09,162.21,False,False,False,False,False
7.185,False,True,0.0,0.0749,0.0709,0.4859,0.5317,0.4681,0.8038,0.7968,175.12,162.93,False,False,False,False,False
7.218,False,True,0.0,0.0749,0.0708,0.4862,0.5323,0.469,0.8037,0.7968,173.84,163.17,False,False,False,False,False
7.252,False,True,0.0,0.0756,0.0727,0.4864,0.5321,0.469,0.8035,0.7964,173.53,163.62,False,False,False,False,False
7.285,False,True,0.0,0.0752,0.0724,0.4868,0.5309,0.4702,0.8034,0.7966,172.8,163.91,False,False,False,False,False
7.319,False,True,0.0,0.0755,0.0735,0.4869,0.5302,0.4717,0.8033,0.7967,172.33,164.28,False,False,False,False,False
7.352,False,True,0.0,0.0753,0.0745,0.4871,0.5291,0.4741,0.8026,0.7963,172.17,164.64,False,False,False,False,False
7.385,False,True,0.0,0.0758,0.0769,0.487,0.5269,0.4749,0.8009,0.7965,171.71,165.66,False,False,False,False,False
7.419,False,True,0.0,0.0763,0.0768,0.4868,0.5259,0.4751,0.8006,0.7957,171.36,167.05,False,False,False,False,False
7.452,False,True,0.0,0.0757,0.0765,0.4867,0.5257,0.4753,0.7998,0.7956,170.87,168.33,False,False,False,False,False
7.486,False,True,0.0,0.077,0.0764,0.4867,0.5256,0.4753,0.7994,0.795,170.22,170.05,False,False,False,False,False
7.519,False,True,0.0,0.0762,0.0757,0.4866,0.5255,0.4753,0.7989,0.7949,170.03,170.68,False,False,False,False,False
7.552,False,True,0.0,0.0762,0.0745,0.4862,0.5255,0.4753,0.7984,0.7948,169.89,171.26,False,False,False,False,False
7.586,False,True,0.0,0.0778,0.0745,0.4858,0.5249,0.4752,0.7981,0.7944,169.63,172.03,False,False,False,False,False
7.619,False,True,0.0,0.0774,0.0738,0.4851,0.5249,0.475,0.7982,0.7944,169.82,171.54,False,False,False,False,False
7.653,False,True,0.0,0.0776,0.0735,0.4841,0.5247,0.475,0.798,0.7945,169.97,170.88,False,False,False,False,False
7.686,False,True,0.0,0.0777,0.0732,0.4829,0.5247,0.4749,0.7979,0.7945,170.01,169.99,False,False,False,False,False
7.719,False,True,0.0,0.0779,0.0732,0.4819,0.5249,0.4747,0.7979,0.7945,169.98,169.51,False,False,False,False,False
7.753,False,True,0.0,0.0778,0.073,0.4811,0.5256,0.4749,0.7983,0.7947,170.07,169.5,False,False,False,False,False
7.786,False,True,0.0,0.0772,0.0725,0.48,0.5256,0.4749,0.7983,0.7946,170.14,169.34,False,False,False,False,False
7.819,False,True,0.0,0.0778,0.0727,0.4788,0.5258,0.4748,0.7983,0.7948,170.51,169.35,False,False,False,False,False
7.853,False,True,0.0,0.0768,0.0724,0.4779,0.5254,0.4748,0.7982,0.7947,170.62,169.26,False,False,False,False,False
7.886,False,True,0.0,0.077,0.0723,0.4774,0.5254,0.4748,0.7969,0.7945,170.84,169.2,False,False,False,False,False
7.92,False,True,0.0,0.0771,0.0722,0.4765,0.5253,0.4747,0.796,0.7945,171.04,169.23,False,False,False,False,False
7.953,False,True,0.0,0.0773,0.0722,0.4758,0.5253,0.4748,0.796,0.7945,171.27,169.18,False,False,False,False,False
7.986,False,True,0.0,0.077,0.0723,0.4753,0.525,0.4748,0.796,0.7945,171.42,168.91,False,False,False,False,False
8.02,False,True,0.0,0.0768,0.0723,0.4747,0.525,0.4748,0.796,0.7944,171.67,168.68,False,False,False,False,False
8.053,False,True,0.0,0.0771,0.0723,0.4742,0.5235,0.4748,0.7948,0.7943,171.87,168.59,False,False,False,False,False
8.087,False,True,0.0,0.0774,0.0725,0.4732,0.5235,0.4748,0.7946,0.7943,172.31,168.38,False,False,False,False,False
8.12,False,True,0.0,0.0774,0.0726,0.4719,0.5234,0.4747,0.7946,0.7944,172.6,167.95,False,False,False,False,False
8.153,False,True,0.0,0.0766,0.0738,0.4698,0.5226,0.4747,0.7942,0.7946,173.26,167.38,False,False,False,False,False
8.187,False,True,0.0,0.0765,0.0741,0.4681,0.5226,0.4743,0.7941,0.7948,173.57,166.88,False,False,False,False,False
8.22,False,True,0.0,0.077,0.0747,0.4647,0.5243,0.474,0.7942,0.7945,174.09,165.87,False,False,False,False,False
8.254,False,True,0.0,0.0768,0.0762,0.4626,0.5244,0.4743,0.7942,0.795,174.24,165.23,False,False,False,False,False
8.287,False,True,0.0,0.0766,0.0777,0.4599,0.5244,0.4744,0.7943,0.7951,173.92,164.57,False,False,False,False,False
8.32,False,True,0.0,0.0759,0.0788,0.4572,0.5257,0.4746,0.7943,0.7944,171.64,163.39,False,False,False,False,False
8.354,False,True,0.0,0.0747,0.0802,0.4543,0.5291,0.4744,0.7946,0.7944,169.78,162.23,False,False,False,False,False
8.387,False,True,0.0,0.0737,0.0815,0.4519,0.5313,0.4745,0.7949,0.7948,168.87,161.48,False,False,False,False,False
8.421,False,True,0.0,0.0728,0.0818,0.4501,0.5353,0.4746,0.7965,0.7954,167.36,160.74,False,False,False,False,False
8.454,False,True,0.0,0.0732,0.0822,0.4482,0.5403,0.4746,0.7968,0.7955,165.13,160.5,False,False,False,False,False
8.487,False,True,0.0,0.0725,0.0838,0.446,0.5459,0.4744,0.7978,0.7959,165.24,159.33,False,False,False,False,False
8.521,False,True,0.0,0.0714,0.0836,0.4437,0.5536,0.4742,0.7986,0.7954,165.94,159.09,False,False,False,False,False
8.554,False,True,0.0,0.0703,0.0832,0.4418,0.5642,0.4725,0.8011,0.7955,166.1,159.6,False,False,False,False,False
8.588,False,True,0.0,0.0705,0.0835,0.4398,0.5686,0.4717,0.8046,0.7954,166.97,159.32,False,False,False,False,False
8.621,False,True,0.0,0.0704,0.0833,0.4382,0.5761,0.4713,0.8075,0.7954,167.06,159.71,False,False,False,False,False
8.654,False,True,0.0,0.0694,0.0835,0.437,0.586,0.4713,0.8121,0.7951,166.59,159.44,False,False,False,False,False
8.688,False,True,0.0,0.0693,0.0827,0.4362,0.5986,0.4713,0.8143,0.7952,165.0,160.07,False,False,False,False,False
8.721,False,True,0.0,0.0703,0.0816,0.4351,0.6024,0.4713,0.8097,0.7951,163.4,161.22,False,False,False,False,False
8.754,False,True,0.0,0.0705,0.0827,0.4335,0.6166,0.471,0.803,0.7946,162.16,161.33,False,False,False,False,False
8.788,False,True,0.0,0.07,0.0824,0.4316,0.628,0.4705,0.7973,0.7946,160.75,161.97,False,False,False,False,False
8.821,False,True,0.0,0.07,0.0822,0.4303,0.633,0.4698,0.7924,0.7945,159.01,163.2,False,False,False,False,False
8.855,False,True,0.0,0.0698,0.0812,0.4292,0.6336,0.4698,0.7913,0.7945,157.3,164.02,False,False,False,False,False
8.888,False,True,0.0,0.0701,0.0805,0.428,0.6358,0.4696,0.7905,0.7945,155.62,164.53,False,False,False,False,False
8.921,False,True,0.0,0.0689,0.0803,0.4267,0.6406,0.4696,0.7905,0.7947,154.99,164.24,False,False,False,False,False
8.955,False,True,0.0,0.0681,0.0801,0.4262,0.6501,0.4693,0.7908,0.7948,154.52,163.94,False,False,False,False,False
8.988,False,True,0.0,0.0663,0.0789,0.4257,0.657,0.4683,0.791,0.7948,154.83,163.31,False,False,False,False,False
9.022,False,True,0.0,0.0665,0.0787,0.4256,0.6626,0.4671,0.7934,0.7948,154.67,163.17,False,False,False,False,False
9.055,False,True,0.0,0.0668,0.078,0.425,0.6587,0.4671,0.7931,0.7947,155.02,163.08,False,False,False,False,False
9.088,False,True,0.0,0.0671,0.0777,0.4245,0.6555,0.4668,0.7935,0.7946,155.24,162.88,False,False,False,False,False
9.122,False,True,0.0,0.0675,0.0774,0.4239,0.654,0.4669,0.7945,0.7945,155.81,162.72,False,False,False,False,False
9.155,False,True,0.0,0.0675,0.0768,0.4236,0.6423,0.4672,0.7953,0.7946,156.57,162.24,False,False,False,False,False
9.189,False,True,0.0,0.0679,0.0775,0.4233,0.6189,0.4677,0.796,0.7946,157.48,161.17,False,False,False,False,False
9.222,False,True,0.0,0.0691,0.0785,0.4231,0.5955,0.468,0.7962,0.7949,158.92,160.37,False,False,False,False,False
9.255,False,True,0.0,0.0697,0.0786,0.423,0.5785,0.4679,0.7955,0.795,162.43,159.78,False,False,False,False,False
9.289,False,True,0.0,0.0704,0.08,0.423,0.561,0.4675,0.7926,0.795,166.6,158.57,False,False,False,False,False
9.322,False,True,0.0,0.0704,0.0811,0.4231,0.5485,0.4672,0.7913,0.7953,170.02,157.28,False,False,False,False,False
9.356,False,True,0.0,0.0712,0.0805,0.4232,0.5384,0.467,0.7902,0.7953,174.46,156.85,False,False,False,False,True
9.389,False,True,0.0,0.0728,0.0796,0.4236,0.5318,0.4666,0.7899,0.795,177.78,156.55,False,False,False,False,True
9.422,False,True,0.0,0.0747,0.0792,0.4245,0.5294,0.4661,0.7901,0.7948,179.21,156.43,False,False,False,False,True
9.456,False,True,0.0,0.0758,0.0791,0.4261,0.5284,0.4659,0.7933,0.7945,179.73,156.7,False,False,False,False,False
9.489,False,True,0.0,0.0771,0.079,0.4281,0.5205,0.4657,0.7949,0.7964,178.76,157.36,False,False,False,False,False
9.523,False,True,0.0,0.0779,0.0788,0.4312,0.5179,0.4655,0.7941,0.7963,179.9,157.9,False,False,False,False,False
9.556,False,True,0.0,0.0778,0.078,0.4344,0.5153,0.4656,0.7915,0.7962,178.88,158.52,False,False,False,False,False
9.589,False,True,0.0,0.0777,0.078,0.4378,0.5161,0.4658,0.7896,0.7959,177.78,158.97,False,False,False,False,True
9.623,False,True,0.0,0.0776,0.0782,0.4412,0.5153,0.4673,0.7893,0.7967,176.33,159.75,False,False,False,False,True
9.656,False,True,0.0,0.0775,0.0777,0.4444,0.5146,0.4676,0.7891,0.7967,175.22,160.26,False,False,False,False,True
9.69,False,True,0.0,0.0782,0.0777,0.448,0.5154,0.4677,0.7891,0.7965,173.89,160.97,False,False,False,False,True
9.723,False,True,0.0,0.0793,0.0772,0.4507,0.5172,0.4679,0.7898,0.7958,172.81,161.59,False,False,False,False,True
9.756,False,True,0.0,0.0786,0.0771,0.4534,0.5184,0.4682,0.7905,0.7954,171.87,162.09,False,False,False,False,False
9.79,False,True,0.0,0.0797,0.0769,0.4561,0.5188,0.4687,0.7909,0.7942,170.94,163.03,False,False,False,False,False
9.823,False,True,0.0,0.0801,0.0771,0.4585,0.5196,0.469,0.7908,0.794,170.23,163.98,False,False,False,False,False
9.856,False,True,0.0,0.0793,0.077,0.4612,0.5204,0.4689,0.7912,0.7934,169.52,164.66,False,False,False,False,False
9.89,False,True,0.0,0.0797,0.0763,0.463,0.5213,0.4689,0.7914,0.7927,169.3,165.13,False,False,False,False,False
9.923,False,True,0.0,0.0796,0.0761,0.4648,0.5214,0.4689,0.7914,0.7924,169.01,165.37,False,False,False,False,False
9.957,False,True,0.0,0.0798,0.0765,0.4666,0.5215,0.4694,0.7914,0.7921,168.6,165.68,False,False,False,False,False
9.99,False,True,0.0,0.0797,0.0769,0.4688,0.5229,0.4693,0.7917,0.7908,167.32,166.18,False,False,False,False,False
10.023,False,True,0.0,0.0802,0.0772,0.4711,0.5234,0.4698,0.7928,0.7909,166.99,166.8,False,False,False,False,False
10.057,False,True,0.0,0.08,0.0771,0.4738,0.5235,0.47,0.7945,0.7909,166.02,167.35,False,False,False,False,False
10.09,False,True,0.0,0.0798,0.0779,0.4759,0.5243,0.4705,0.7946,0.7908,165.75,167.67,False,False,False,False,False
10.124,False,True,0.0,0.0802,0.0783,0.4769,0.5247,0.4711,0.7954,0.7908,165.73,168.21,False,False,False,False,False
10.157,False,True,0.0,0.0797,0.0785,0.4786,0.5248,0.4714,0.7954,0.7908,165.96,168.42,False,False,False,False,False
10.19,False,True,0.0,0.0794,0.0783,0.4799,0.5249,0.4714,0.7955,0.7905,166.74,168.93,False,False,False,False,False
10.224,False,True,0.0,0.0795,0.0787,0.4799,0.525,0.4723,0.7945,0.7898,167.33,168.96,False,False,False,False,False
10.257,False,True,0.0,0.0801,0.0793,0.4806,0.5251,0.4734,0.7938,0.7898,167.44,168.63,False,False,False,False,False
10.291,False,True,0.0,0.0797,0.0798,0.4818,0.5254,0.4738,0.7933,0.7895,167.43,168.82,False,False,False,False,False
10.324,False,True,0.0,0.0793,0.0802,0.482,0.5265,0.4738,0.7933,0.7891,167.69,169.13,False,False,False,False,False
10.357,False,True,0.0,0.0789,0.0801,0.4821,0.5268,0.4738,0.7932,0.7887,168.25,169.48,False,False,False,False,True
10.391,False,True,0.0,0.0788,0.0799,0.4825,0.5269,0.4748,0.793,0.7885,168.65,169.15,False,False,False,False,True
10.424,False,True,0.0,0.0784,0.08,0.483,0.5269,0.475,0.7934,0.7885,168.93,169.01,False,False,False,False,True
10.458,False,True,0.0,0.0789,0.0798,0.4832,0.5269,0.4753,0.7936,0.7885,169.07,169.01,False,False,False,False,True
10.491,False,True,0.0,0.0793,0.0796,0.4836,0.5271,0.4753,0.7941,0.7885,168.8,169.23,False,False,False,False,True
10.524,False,True,0.0,0.0797,0.0795,0.484,0.5271,0.4755,0.7941,0.7879,168.9,169.61,False,False,False,False,True
10.558,False,True,0.0,0.0794,0.0796,0.4843,0.5272,0.4756,0.7929,0.7876,169.02,169.74,False,False,False,False,True
10.591,False,True,0.0,0.0796,0.0792,0.4847,0.5273,0.4757,0.7929,0.7873,168.87,169.96,False,False,False,False,True
10.625,False,True,0.0,0.0796,0.0788,0.4853,0.5274,0.4755,0.793,0.7868,168.68,170.6,False,False,False,False,True
10.658,False,True,0.0,0.0798,0.0784,0.4858,0.5287,0.4757,0.7933,0.7868,168.47,170.99,False,False,False,False,True
10.691,False,True,0.0,0.0802,0.0784,0.4863,0.5296,0.4758,0.7941,0.7869,168.47,171.52,False,False,False,False,True
10.725,False,True,0.0,0.0811,0.0781,0.4869,0.5299,0.4759,0.7942,0.7869,168.21,171.94,False,False,False,False,True
10.758,False,True,0.0,0.0812,0.0781,0.4872,0.531,0.4758,0.7947,0.7869,168.15,172.27,False,False,False,False,True
10.791,False,True,0.0,0.0818,0.0781,0.4872,0.5311,0.4759,0.7948,0.7871,168.18,172.48,False,False,False,False,True
10.825,False,True,0.0,0.0817,0.0785,0.4872,0.5313,0.4758,0.7941,0.7875,168.41,172.47,False,False,False,False,True
10.858,False,True,0.0,0.0816,0.0788,0.4873,0.5317,0.4758,0.7941,0.7875,168.54,172.4,False,False,False,False,True
10.892,False,True,0.0,0.0815,0.0787,0.4873,0.5321,0.4758,0.7949,0.7877,168.55,172.54,False,False,False,False,True
10.925,False,True,0.0,0.0813,0.0788,0.4874,0.5322,0.4758,0.7949,0.7879,168.62,172.57,False,False,False,False,True
10.958,False,True,0.0,0.0812,0.0788,0.4873,0.5324,0.4757,0.7953,0.7879,168.62,172.6,False,False,False,False,True
10.992,False,True,0.0,0.0814,0.0788,0.4873,0.5326,0.4755,0.7957,0.788,168.54,172.76,False,False,False,False,True
11.025,False,True,0.0,0.0807,0.079,0.4874,0.5326,0.4753,0.7941,0.788,168.61,172.63,False,False,False,False,True
11.059,False,True,0.0,0.0807,0.0791,0.4875,0.5326,0.4753,0.7941,0.7881,168.41,172.81,False,False,False,False,True
11.092,False,True,0.0,0.0805,0.079,0.4876,0.5329,0.4751,0.7942,0.7881,168.47,172.87,False,False,False,False,True
11.125,False,True,0.0,0.0805,0.0794,0.4879,0.5329,0.475,0.7943,0.7882,168.35,173.01,False,False,False,False,True
11.159,False,True,0.0,0.0803,0.0797,0.4881,0.5329,0.4749,0.7948,0.7887,168.38,173.15,False,False,False,False,True
11.192,False,True,0.0,0.0801,0.08,0.4884,0.533,0.4748,0.7952,0.7887,168.28,173.22,False,False,False,False,True
11.226,False,True,0.0,0.0801,0.0807,0.4887,0.5332,0.4747,0.7957,0.7888,168.17,173.28,False,False,False,False,True
11.259,False,True,0.0,0.08,0.0816,0.4891,0.5332,0.4746,0.7957,0.789,168.11,173.08,False,False,False,False,False
11.292,False,True,0.0,0.0804,0.0836,0.4894,0.5333,0.4746,0.796,0.7891,168.15,173.42,False,False,False,False,False
11.326,False,True,0.0,0.0807,0.0891,0.4896,0.5336,0.4748,0.7954,0.7891,168.4,173.45,False,False,False,False,False
11.359,False,True,0.0,0.0827,0.0963,0.4898,0.5339,0.4748,0.795,0.7892,168.25,173.55,False,False,False,False,False
11.393,False,True,0.0,0.0897,0.1131,0.4894,0.534,0.4748,0.7944,0.7892,168.18,173.47,False,False,False,False,False
11.426,False,True,0.0,0.1084,0.1303,0.4892,0.5341,0.4751,0.794,0.7899,167.92,173.08,False,True,False,False,False
11.459,False,True,0.0,0.1324,0.1611,0.4886,0.5341,0.476,0.7934,0.7893,168.16,172.47,False,True,False,False,False
11.493,False,True,0.0,0.1559,0.1776,0.4882,0.5336,0.4773,0.7934,0.7882,168.16,172.29,False,True,False,False,True
11.526,False,True,0.0,0.1734,0.186,0.4879,0.5336,0.4773,0.7934,0.7881,168.29,172.18,False,True,False,False,True
11.56,False,True,0.0,0.1829,0.1961,0.4872,0.5336,0.4776,0.7932,0.7881,168.84,171.78,False,True,False,False,True
11.593,False,True,0.0,0.1899,0.2052,0.4867,0.5336,0.4781,0.7931,0.7881,169.06,171.63,False,True,False,False,True
11.626,False,True,0.0,0.1934,0.2121,0.4856,0.5335,0.4781,0.7929,0.7881,169.81,171.48,False,True,False,False,True
11.66,False,True,0.0,0.1921,0.2154,0.4849,0.5332,0.4782,0.7925,0.7876,170.39,171.31,False,True,False,False,True
11.693,False,True,0.0,0.1904,0.2189,0.4845,0.5333,0.4783,0.7926,0.7876,170.49,171.06,False,True,False,False,True
11.727,False,True,0.0,0.1923,0.2176,0.4829,0.533,0.478,0.7925,0.7876,171.18,171.07,False,True,False,False,True
11.76,False,True,0.0,0.191,0.2213,0.4822,0.5321,0.4779,0.7923,0.7876,171.7,170.97,False,True,False,False,True
11.793,False,True,0.0,0.1906,0.2218,0.4815,0.532,0.4778,0.7923,0.7875,171.79,171.33,False,True,False,False,True
11.827,False,True,0.0,0.1902,0.2253,0.4804,0.5311,0.4775,0.7925,0.7877,172.11,171.66,False,True,False,False,True
11.86,False,True,0.0,0.202,0.2299,0.4786,0.5302,0.4773,0.7926,0.7879,172.58,171.27,False,True,False,False,True
11.893,False,True,0.0,0.2028,0.2359,0.4775,0.53,0.4773,0.7928,0.7881,172.47,171.22,False,True,False,False,True
11.927,False,True,0.0,0.2043,0.2411,0.4766,0.5298,0.477,0.7929,0.7889,171.66,171.07,False,True,False,False,True
11.96,False,True,0.0,0.2084,0.2485,0.4763,0.5298,0.4767,0.7932,0.7889,171.3,171.0,False,True,False,False,True
11.994,False,True,0.0,0.2151,0.253,0.4758,0.5298,0.4765,0.7932,0.789,170.73,170.8,False,True,False,False,False
12.027,False,True,0.0,0.2178,0.2569,0.4755,0.5298,0.4759,0.7929,0.7888,170.71,170.73,False,True,False,False,True
12.06,False,True,0.0,0.2191,0.2584,0.4757,0.5295,0.4752,0.7934,0.789,170.27,170.4,False,True,False,False,False
12.094,False,True,0.0,0.2201,0.258,0.4759,0.5296,0.4747,0.7933,0.7886,169.95,170.23,False,True,False,False,True
12.127,False,True,0.0,0.2198,0.2576,0.4759,0.5295,0.4746,0.7922,0.7884,169.93,170.25,False,True,False,False,True
12.161,False,True,0.0,0.2175,0.2584,0.4758,0.5293,0.4746,0.7919,0.7884,169.97,170.34,False,True,False,False,True
12.194,False,True,0.0,0.2151,0.2536,0.4756,0.5292,0.4745,0.792,0.7884,170.29,170.03,False,True,False,False,True
12.227,False,True,0.0,0.21,0.2488,0.4751,0.5287,0.4747,0.7919,0.7885,170.94,170.14,False,True,False,False,True
12.261,False,True,0.0,0.1975,0.2434,0.4752,0.5285,0.4748,0.792,0.789,171.1,169.87,False,True,False,False,False
12.294,False,True,0.0,0.1869,0.2369,0.4754,0.5273,0.4755,0.7918,0.789,171.41,169.71,False,True,False,False,False
12.328,False,True,0.0,0.1795,0.2293,0.4754,0.5262,0.4758,0.7916,0.789,171.74,169.13,False,True,False,False,False
12.361,False,True,0.0,0.171,0.2168,0.4745,0.5262,0.4759,0.792,0.7899,172.32,168.33,False,True,False,False,False
12.394,False,True,0.0,0.1643,0.204,0.4728,0.5261,0.4758,0.792,0.7899,173.56,167.2,False,True,False,False,False
12.428,False,True,0.0,0.1565,0.1899,0.4711,0.526,0.4755,0.7929,0.7903,174.73,165.57,False,True,False,False,False
12.461,False,True,0.0,0.1513,0.178,0.4681,0.5243,0.4756,0.7922,0.7918,177.12,164.11,False,True,False,False,False
12.495,False,True,0.0,0.148,0.1581,0.4658,0.5243,0.4754,0.791,0.7921,178.25,162.93,False,True,False,False,False
12.528,False,True,0.0,0.1488,0.1391,0.4633,0.5245,0.4754,0.7919,0.7926,178.92,161.71,False,True,False,False,False
12.561,False,True,0.0,0.1504,0.1224,0.4614,0.5245,0.4753,0.7912,0.7929,179.21,158.81,False,True,False,False,False
12.595,False,True,0.0,0.1599,0.1087,0.4605,0.5266,0.4753,0.7964,0.7945,179.71,157.45,False,True,False,False,False
12.628,False,True,0.0,0.173,0.0992,0.4605,0.5272,0.4753,0.7969,0.7945,179.1,157.33,False,True,False,False,False
12.662,False,True,0.0,0.1874,0.0936,0.4607,0.5267,0.4756,0.7974,0.7942,179.63,156.98,False,True,False,False,False
12.695,False,True,0.0,0.1978,0.0938,0.4609,0.5251,0.4755,0.7974,0.7938,179.72,156.59,False,True,False,False,False
12.728,False,True,0.0,0.2092,0.0991,0.4614,0.5251,0.4755,0.7962,0.7922,179.68,157.0,False,True,False,False,False
12.762,False,True,0.0,0.2152,0.1041,0.4639,0.5259,0.4754,0.7954,0.7913,178.16,158.72,False,True,False,False,False
12.795,False,True,0.0,0.2205,0.1027,0.467,0.5279,0.4768,0.7947,0.7906,176.64,161.0,False,True,False,False,False
12.828,False,True,0.0,0.2231,0.1214,0.4716,0.5285,0.4765,0.7947,0.7906,173.72,162.9,False,True,False,False,False
12.862,False,True,0.0,0.2273,0.1435,0.476,0.5308,0.4765,0.7946,0.7901,169.92,165.34,False,True,False,False,False
12.895,False,True,0.0,0.2297,0.1621,0.4808,0.5309,0.476,0.7945,0.7901,166.86,169.24,False,True,False,False,False
12.929,False,True,0.0,0.2315,0.1737,0.4852,0.5309,0.4745,0.7948,0.7907,164.7,170.99,False,True,False,False,False
12.962,False,True,0.0,0.2243,0.1838,0.4883,0.5312,0.4719,0.7951,0.7913,162.56,173.51,False,True,False,False,False
12.995,False,True,0.0,0.2135,0.1933,0.4914,0.5311,0.4719,0.7951,0.7916,161.85,174.83,False,True,False,False,False
13.029,False,True,0.0,0.2016,0.2051,0.4924,0.5312,0.4723,0.7949,0.7918,161.45,175.7,False,True,False,False,False
13.062,False,True,0.0,0.1873,0.2106,0.4932,0.5313,0.4736,0.7944,0.7919,161.45,176.28,False,True,False,False,False
13.096,False,True,0.0,0.1738,0.2112,0.4937,0.5315,0.4737,0.7948,0.7929,161.22,176.09,False,True,False,False,False
13.129,False,True,0.0,0.163,0.2109,0.4937,0.5315,0.4736,0.7945,0.7929,160.1,177.97,False,True,False,False,False
13.162,False,True,0.0,0.1569,0.2071,0.4938,0.5316,0.4737,0.7951,0.7941,160.3,179.3,False,True,False,False,False
13.196,False,True,0.0,0.153,0.2062,0.4935,0.5319,0.4738,0.7954,0.7941,160.77,178.83,False,True,False,False,False
13.229,False,True,0.0,0.1516,0.2116,0.4933,0.5321,0.4739,0.7954,0.7944,162.36,178.52,False,True,False,False,False
13.263,False,True,0.0,0.1513,0.2064,0.4925,0.5327,0.4739,0.7962,0.7933,164.85,177.5,False,True,False,False,False
13.296,False,True,0.0,0.1488,0.1988,0.4911,0.5333,0.4741,0.7962,0.7929,168.07,174.66,False,True,False,False,False
13.329,False,True,0.0,0.1501,0.188,0.4895,0.5333,0.4763,0.7952,0.7912,170.61,172.49,False,True,False,False,False
13.363,False,True,0.0,0.1591,0.1788,0.4885,0.533,0.4777,0.7914,0.7903,172.6,169.55,False,True,False,False,False
13.396,False,True,0.0,0.165,0.1687,0.4877,0.5329,0.4784,0.7889,0.7897,173.64,167.48,False,True,False,False,True
13.43,False,True,0.0,0.1694,0.1637,0.4871,0.532,0.4792,0.7871,0.7897,174.61,165.24,False,True,False,False,True
13.463,False,True,0.0,0.171,0.1598,0.4869,0.5323,0.4792,0.7874,0.7897,175.05,163.48,False,True,False,False,True
13.496,False,True,0.0,0.171,0.1567,0.4867,0.5324,0.4792,0.7868,0.7898,175.46,162.43,False,True,False,False,True
13.53,False,True,0.0,0.1727,0.1527,0.4865,0.5322,0.4788,0.7865,0.7902,174.99,161.98,False,True,False,False,True
13.563,False,True,0.0,0.1733,0.149,0.4863,0.5318,0.4788,0.786,0.7912,174.27,161.37,False,True,False,False,True
13.597,False,True,0.0,0.1714,0.1464,0.4862,0.5315,0.4782,0.7854,0.7909,174.25,160.6,False,True,False,False,True
13.63,False,True,0.0,0.1615,0.144,0.4862,0.5312,0.4777,0.7855,0.7909,174.46,160.65,False,True,False,False,True
13.663,False,True,0.0,0.1448,0.1393,0.4862,0.5303,0.4763,0.7857,0.7912,174.57,160.67,False,True,False,False,True
13.697,False,True,0.0,0.1245,0.1283,0.4863,0.5299,0.4754,0.7861,0.7912,174.85,160.87,False,True,False,False,True
13.73,False,True,0.0,0.1096,0.1223,0.4865,0.5299,0.4747,0.7869,0.7914,174.78,160.91,False,True,False,False,True
13.764,False,True,0.0,0.1011,0.1145,0.4868,0.5299,0.474,0.7874,0.7915,174.98,160.51,False,False,False,False,True
13.797,False,True,0.0,0.0917,0.108,0.4872,0.5299,0.4735,0.7875,0.7913,174.94,160.8,False,False,False,False,True
13.83,False,True,0.0,0.0875,0.0989,0.4873,0.5299,0.4736,0.7875,0.7908,175.17,160.72,False,False,False,False,True
13.864,False,True,0.0,0.0859,0.0947,0.4885,0.5297,0.4736,0.7875,0.7895,174.74,161.44,False,False,False,False,True
13.897,False,True,0.0,0.0839,0.0857,0.489,0.5297,0.4761,0.788,0.7894,174.41,162.51,False,False,False,False,True
13.93,False,True,0.0,0.0814,0.0806,0.4894,0.5298,0.4764,0.7886,0.7893,174.13,163.07,False,False,False,False,True
13.964,False,True,0.0,0.0813,0.0773,0.4903,0.5297,0.4768,0.7894,0.7892,173.69,163.78,False,False,False,False,True
13.997,False,True,0.0,0.0819,0.0775,0.4907,0.5302,0.4764,0.7902,0.7892,173.37,163.94,False,False,False,False,False
14.031,False,True,0.0,0.0826,0.0788,0.4914,0.5303,0.4756,0.7903,0.7882,172.52,164.35,False,False,False,False,True
14.064,False,True,0.0,0.082,0.0791,0.4919,0.531,0.4762,0.7903,0.7871,172.09,164.45,False,False,False,False,True
14.097,False,True,0.0,0.0819,0.0797,0.4928,0.5305,0.4762,0.7903,0.787,171.78,164.84,False,False,False,False,True
14.131,False,True,0.0,0.0822,0.0792,0.493,0.5316,0.4763,0.7906,0.7869,171.7,165.02,False,False,False,False,True
14.164,False,True,0.0,0.0824,0.0787,0.4932,0.5314,0.4763,0.7906,0.787,171.62,165.06,False,False,False,False,True
14.198,False,True,0.0,0.082,0.0792,0.4934,0.5316,0.4762,0.7906,0.7866,171.63,165.08,False,False,False,False,True
14.231,False,True,0.0,0.0818,0.0786,0.4939,0.5312,0.4763,0.7906,0.7867,171.36,165.27,False,False,False,False,True
14.264,False,True,0.0,0.0815,0.0788,0.4941,0.5312,0.4763,0.7907,0.7869,171.33,165.48,False,False,False,False,True
14.298,False,True,0.0,0.0806,0.0784,0.4944,0.5313,0.4767,0.7907,0.7876,170.97,166.07,False,False,False,False,True
14.331,False,True,0.0,0.0805,0.0786,0.4944,0.5312,0.4768,0.7907,0.7876,170.98,165.99,False,False,False,False,True
14.365,False,True,0.0,0.0805,0.0786,0.4945,0.5303,0.4768,0.7905,0.7876,170.92,166.09,False,False,False,False,True
14.398,False,True,0.0,0.0798,0.0781,0.4945,0.5304,0.4764,0.7903,0.7874,170.96,166.32,False,False,False,False,True
14.431,False,True,0.0,0.0796,0.0781,0.4946,0.53,0.4764,0.7898,0.7872,170.9,166.51,False,False,False,False,True
14.465,False,True,0.0,0.0796,0.0777,0.4946,0.5301,0.4764,0.7898,0.7866,170.82,166.73,False,False,False,False,True
14.498,False,True,0.0,0.0798,0.0775,0.4946,0.5295,0.4764,0.7891,0.7862,170.47,166.97,False,False,False,False,True
14.532,False,True,0.0,0.0795,0.0775,0.4947,0.5295,0.4767,0.7892,0.7862,170.47,166.86,False,False,False,False,True
14.565,False,True,0.0,0.0796,0.0778,0.4947,0.5294,0.4766,0.7893,0.7862,170.31,167.06,False,False,False,False,True
14.598,False,True,0.0,0.0803,0.0779,0.4947,0.5295,0.4765,0.7892,0.7856,170.06,167.38,False,False,False,False,True
14.632,False,True,0.0,0.0807,0.0781,0.4946,0.5295,0.4765,0.79,0.7859,170.19,167.44,False,False,False,False,True
14.665,False,True,0.0,0.0809,0.078,0.4944,0.5295,0.4767,0.7899,0.7864,170.2,167.54,False,False,False,False,True
14.699,False,True,0.0,0.081,0.0779,0.4944,0.5295,0.4768,0.7893,0.7864,170.21,167.66,False,False,False,False,True
14.732,False,True,0.0,0.0808,0.0779,0.4943,0.5295,0.4768,0.7889,0.7864,170.18,167.67,False,False,False,False,True
14.765,False,True,0.0,0.0811,0.0778,0.4941,0.5295,0.4768,0.7892,0.7863,169.74,167.79,False,False,False,False,True
14.799,False,True,0.0,0.0812,0.078,0.4941,0.5295,0.4769,0.7896,0.7863,169.81,167.85,False,False,False,False,True
14.832,False,True,0.0,0.0811,0.0775,0.494,0.5297,0.4769,0.7893,0.7863,169.89,168.17,False,False,False,False,True
14.865,False,True,0.0,0.0803,0.0777,0.4938,0.5297,0.4769,0.7894,0.7861,169.93,168.29,False,False,False,False,True
14.899,False,True,0.0,0.0802,0.0776,0.4936,0.5297,0.4769,0.7891,0.7861,169.95,168.22,False,False,False,False,True
14.932,False,True,0.0,0.0797,0.0776,0.4931,0.5295,0.4769,0.7891,0.7859,169.89,168.29,False,False,False,False,True
14.966,False,True,0.0,0.0796,0.0784,0.4927,0.5294,0.4768,0.7872,0.7851,169.78,168.42,False,False,False,False,True
14.999,False,True,0.0,0.0789,0.0784,0.4921,0.5292,0.4767,0.787,0.7852,170.03,168.34,False,False,False,False,True
15.032,False,True,0.0,0.0789,0.0788,0.4916,0.5288,0.4766,0.787,0.7848,169.42,168.4,False,False,False,False,True
15.066,False,True,0.0,0.0796,0.0795,0.4911,0.5288,0.4766,0.787,0.785,169.11,168.41,False,False,False,False,True
15.099,False,True,0.0,0.0802,0.0796,0.4908,0.5288,0.4765,0.7871,0.7853,168.94,168.63,False,False,False,False,True
15.133,False,True,0.0,0.0804,0.0796,0.4905,0.5286,0.4764,0.7873,0.7852,169.45,168.61,False,False,False,False,True
15.166,False,True,0.0,0.0799,0.0791,0.4902,0.5285,0.4764,0.7873,0.7852,169.45,168.73,False,False,False,False,True
15.199,False,True,0.0,0.0798,0.0793,0.4898,0.5285,0.4761,0.7875,0.7851,169.37,168.47,False,False,False,False,True
15.233,False,True,0.0,0.08,0.0791,0.4895,0.5285,0.4759,0.787,0.7848,169.24,168.1,False,False,False,False,True
15.266,False,True,0.0,0.0803,0.0791,0.4895,0.5284,0.4757,0.7869,0.7845,169.15,168.14,False,False,False,False,True
15.3,False,True,0.0,0.0802,0.0789,0.4892,0.5283,0.4757,0.7869,0.7844,169.15,168.17,False,False,False,False,True
15.333,False,True,0.0,0.08,0.0789,0.4892,0.5283,0.4755,0.7869,0.7844,169.13,168.01,False,False,False,False,True
15.366,False,True,0.0,0.08,0.0788,0.4891,0.5283,0.4753,0.7869,0.7844,169.09,167.83,False,False,False,False,True
15.4,False,True,0.0,0.08,0.079,0.489,0.5283,0.4753,0.7869,0.7845,169.06,167.92,False,False,False,False,True
15.433,False,True,0.0,0.0801,0.0791,0.489,0.5283,0.4754,0.787,0.785,169.01,167.95,False,False,False,False,True
15.467,False,True,0.0,0.0802,0.0792,0.4888,0.5283,0.4752,0.7875,0.785,169.17,168.09,False,False,False,False,True
15.5,False,True,0.0,0.0799,0.0789,0.4886,0.5286,0.4754,0.788,0.785,169.27,167.98,False,False,False,False,True
15.533,False,True,0.0,0.0796,0.0788,0.4884,0.529,0.4755,0.7882,0.7848,169.21,167.84,False,False,False,False,True
15.567,False,True,0.0,0.0791,0.0788,0.4882,0.529,0.4755,0.7872,0.7836,169.23,167.67,False,False,False,False,True
15.6,False,True,0.0,0.0794,0.0788,0.4881,0.5286,0.4755,0.7866,0.7835,169.44,167.58,False,False,False,False,True
15.634,False,True,0.0,0.0795,0.0787,0.4882,0.5285,0.4753,0.7865,0.7835,169.43,167.57,False,False,False,False,True
15.667,False,True,0.0,0.0799,0.0783,0.4885,0.5287,0.4754,0.7866,0.7835,169.35,167.21,False,False,False,False,True
15.7,False,True,0.0,0.08,0.0785,0.4892,0.5287,0.4755,0.7853,0.7835,169.39,167.0,False,False,False,False,True
15.734,False,True,0.0,0.0801,0.0784,0.4899,0.5287,0.4755,0.7853,0.7836,169.7,166.88,False,False,False,False,True
15.767,False,True,0.0,0.0815,0.078,0.491,0.5289,0.4752,0.7863,0.7841,170.23,166.9,False,False,False,False,True
15.801,False,True,0.0,0.081,0.0766,0.4931,0.53,0.4752,0.7873,0.7842,170.32,166.66,False,False,False,False,True
15.834,False,True,0.0,0.0813,0.0754,0.4958,0.5302,0.4755,0.7877,0.7845,170.68,166.54,False,False,False,False,True
15.867,False,True,0.0,0.082,0.0738,0.4986,0.5308,0.4755,0.7877,0.7845,170.84,166.56,False,False,False,False,True
15.901,False,True,0.0,0.0816,0.0742,0.5019,0.5309,0.4756,0.788,0.785,171.06,166.57,False,False,False,False,True
15.934,False,True,0.0,0.0818,0.0741,0.5061,0.531,0.476,0.7879,0.7847,171.07,166.83,False,False,False,False,True
15.967,False,True,0.0,0.084,0.0742,0.511,0.5312,0.4762,0.787,0.7836,170.43,167.62,False,False,False,False,True
16.001,False,True,0.0,0.0848,0.0741,0.5156,0.5318,0.4762,0.787,0.7836,169.05,168.56,False,False,False,False,True
16.034,False,True,0.0,0.0862,0.0737,0.5204,0.532,0.4762,0.7872,0.7836,167.51,169.96,False,False,False,False,True
16.068,False,True,0.0,0.0865,0.0731,0.5254,0.5322,0.4747,0.7883,0.7838,165.73,171.53,False,False,False,False,True
16.101,False,True,0.0,0.0851,0.0723,0.5304,0.5326,0.4729,0.7894,0.7836,164.14,172.37,False,False,False,False,True
16.134,False,True,0.0,0.0858,0.0711,0.5348,0.5329,0.4649,0.7898,0.7836,162.31,172.65,False,False,False,False,True
16.168,False,True,0.0,0.0845,0.0708,0.5396,0.5329,0.4549,0.7896,0.7834,161.32,171.42,False,False,False,False,True
16.201,False,True,0.0,0.0854,0.0696,0.5428,0.5325,0.4377,0.7889,0.7831,160.38,169.53,False,False,False,False,True
16.235,False,True,0.0,0.0849,0.07,0.5463,0.5325,0.4169,0.7885,0.7819,159.28,166.32,False,False,False,False,True
16.268,False,True,0.0,0.0866,0.0689,0.5503,0.5329,0.3915,0.7879,0.7788,158.01,162.98,False,False,False,False,True
16.301,False,True,0.0,0.0872,0.0674,0.5525,0.5334,0.359,0.7878,0.775,157.27,155.11,False,False,True,False,True
16.335,False,True,0.0,0.0876,0.0666,0.5558,0.534,0.3277,0.7885,0.7739,156.64,151.06,False,False,True,False,True
16.368,False,True,0.0,0.0882,0.0666,0.5577,0.5338,0.3082,0.7887,0.7665,155.89,145.12,False,False,False,True,True
16.402,False,True,0.0,0.0883,0.0648,0.5596,0.5338,0.2899,0.7882,0.7553,155.43,143.49,False,False,False,True,True
16.435,False,True,0.0,0.0886,0.0631,0.5626,0.5339,0.2715,0.7874,0.7498,155.12,142.73,False,False,False,True,True
16.468,False,True,0.0,0.0889,0.0615,0.5645,0.5338,0.2576,0.7865,0.746,154.93,140.37,False,False,False,True,True
16.502,False,True,0.0,0.0883,0.0601,0.5667,0.5339,0.2566,0.7843,0.7376,154.42,138.55,False,False,False,True,True
16.535,False,True,0.0,0.0878,0.0595,0.5692,0.5339,0.2491,0.7837,0.7359,154.25,138.61,False,False,False,True,True
16.569,False,True,0.0,0.0877,0.0592,0.5708,0.5339,0.2445,0.7838,0.7353,154.65,138.15,False,False,False,True,True
16.602,False,True,0.0,0.0873,0.0592,0.572,0.534,0.2413,0.7838,0.7357,154.49,138.18,False,False,False,True,True
16.635,False,True,0.0,0.0873,0.0593,0.5724,0.534,0.2431,0.7843,0.7372,154.92,138.14,False,False,False,True,True
16.669,False,True,0.0,0.0877,0.0595,0.5728,0.5343,0.2471,0.7873,0.7381,155.13,139.05,False,False,False,True,True
16.702,False,True,0.0,0.0889,0.0597,0.5731,0.5345,0.2491,0.7873,0.7393,155.6,139.47,False,False,False,True,True
16.736,False,True,0.0,0.0898,0.0598,0.5731,0.5345,0.2522,0.7871,0.7398,155.92,139.87,False,False,False,True,True
16.769,False,True,0.0,0.0898,0.0598,0.5731,0.5348,0.2537,0.7872,0.74,156.03,140.72,False,False,False,True,True
16.802,False,True,0.0,0.0898,0.06,0.5729,0.5349,0.2642,0.7878,0.7475,156.08,142.75,False,False,False,True,True
16.836,False,True,0.0,0.0897,0.0609,0.5728,0.5349,0.2849,0.7877,0.7553,156.1,146.18,False,False,False,True,True
16.869,False,True,0.0,0.0897,0.0621,0.5722,0.5349,0.3109,0.7868,0.7629,155.73,151.57,False,False,False,False,True
16.902,False,True,0.0,0.0903,0.0655,0.5713,0.5343,0.3381,0.787,0.7713,155.63,155.57,False,False,False,False,True
16.936,False,True,0.0,0.0895,0.067,0.5695,0.5335,0.3634,0.7875,0.7789,155.52,160.01,False,False,False,False,True
16.969,False,True,0.0,0.0878,0.0674,0.5664,0.5324,0.3927,0.7877,0.7802,156.3,164.31,False,False,False,False,True
17.003,False,True,0.0,0.0876,0.0693,0.565,0.532,0.4195,0.7878,0.7816,156.58,170.5,False,False,False,False,True
17.036,False,True,0.0,0.0876,0.0705,0.5619,0.5306,0.4429,0.7877,0.7825,157.59,175.41,False,False,False,False,True
17.069,False,True,0.0,0.0874,0.0709,0.5596,0.5305,0.4589,0.7877,0.7835,158.36,179.97,False,False,False,False,True
17.103,False,True,0.0,0.0865,0.0704,0.5566,0.5303,0.4743,0.7876,0.7833,159.67,177.28,False,False,False,False,True
17.136,False,True,0.0,0.0863,0.0701,0.553,0.5304,0.4814,0.7876,0.784,161.01,176.17,False,False,False,False,True
17.17,False,True,0.0,0.0863,0.0699,0.549,0.5306,0.4823,0.787,0.7839,162.53,176.12,False,False,False,False,True
17.203,False,True,0.0,0.086,0.0698,0.5452,0.5306,0.478,0.7869,0.7835,164.14,176.96,False,False,False,False,True
17.236,False,True,0.0,0.0854,0.0705,0.5401,0.5306,0.4785,0.7872,0.7829,165.75,179.74,False,False,False,False,True
17.27,False,True,0.0,0.085,0.0707,0.5371,0.5302,0.4786,0.7873,0.7827,167.06,178.44,False,False,False,False,True
17.303,False,True,0.0,0.0847,0.0715,0.5322,0.5303,0.4789,0.788,0.7824,168.62,175.51,False,False,False,False,True
17.337,False,True,0.0,0.0841,0.0721,0.5291,0.5302,0.4802,0.7884,0.7823,169.62,173.25,False,False,False,False,True
17.37,False,True,0.0,0.0839,0.0729,0.5263,0.5302,0.483,0.7878,0.7818,170.84,171.61,False,False,False,False,True
17.403,False,True,0.0,0.0835,0.073,0.523,0.5302,0.4825,0.7878,0.7819,171.89,169.87,False,False,False,False,True
17.437,False,True,0.0,0.0835,0.0735,0.5207,0.5304,0.4842,0.7875,0.7816,172.53,168.7,False,False,False,False,True
17.47,False,True,0.0,0.0835,0.0741,0.5197,0.5304,0.4849,0.7875,0.782,172.8,168.29,False,False,False,False,True
17.504,False,True,0.0,0.0832,0.0749,0.5182,0.5302,0.4837,0.7875,0.7819,173.06,167.75,False,False,False,False,True
17.537,False,True,0.0,0.0828,0.0752,0.5165,0.5299,0.4833,0.7876,0.782,173.4,167.01,False,False,False,False,True
17.57,False,True,0.0,0.0829,0.0755,0.5149,0.5299,0.4833,0.7877,0.7824,173.91,166.56,False,False,False,False,True
17.604,False,True,0.0,0.0832,0.0758,0.5149,0.5299,0.483,0.7877,0.7827,173.56,166.49,False,False,False,False,True
17.637,False,True,0.0,0.0834,0.0758,0.5148,0.5299,0.4831,0.7877,0.7826,173.28,166.75,False,False,False,False,True
17.671,False,True,0.0,0.0833,0.0758,0.5146,0.5297,0.483,0.7876,0.7835,173.13,166.69,False,False,False,False,True
17.704,False,True,0.0,0.0838,0.0762,0.5144,0.5298,0.4828,0.7884,0.7836,173.27,166.75,False,False,False,False,True
17.737,False,True,0.0,0.0827,0.0758,0.5144,0.5288,0.4832,0.789,0.7836,172.92,167.07,False,False,False,False,True
17.771,False,True,0.0,0.0815,0.0758,0.5137,0.5281,0.4831,0.7885,0.7836,173.06,167.13,False,False,False,False,True
17.804,False,True,0.0,0.0817,0.0757,0.5132,0.5281,0.483,0.7899,0.7837,172.91,167.25,False,False,False,False,True
17.838,False,True,0.0,0.0812,0.0755,0.5127,0.5283,0.4826,0.7901,0.7837,173.04,167.82,False,False,False,False,True
17.871,False,True,0.0,0.0801,0.0757,0.5125,0.5282,0.4822,0.7901,0.7834,172.93,167.73,False,False,False,False,True
17.904,False,True,0.0,0.0803,0.0759,0.5123,0.528,0.4816,0.7897,0.7834,172.62,167.86,False,False,False,False,True
17.938,False,True,0.0,0.0802,0.0756,0.5119,0.5278,0.4811,0.7887,0.7829,172.38,168.17,False,False,False,False,True
17.971,False,True,0.0,0.08,0.0754,0.5117,0.5278,0.4806,0.7886,0.7828,172.22,168.15,False,False,False,False,True
18.004,False,True,0.0,0.0805,0.0754,0.5116,0.5278,0.4805,0.7884,0.7824,172.03,168.65,False,False,False,False,True
18.038,False,True,0.0,0.0802,0.0756,0.5115,0.5278,0.4801,0.7884,0.7825,171.92,168.71,False,False,False,False,True
18.071,False,True,0.0,0.0804,0.0755,0.5113,0.5281,0.48,0.7884,0.7825,171.75,168.98,False,False,False,False,True
18.105,False,True,0.0,0.0804,0.0751,0.5113,0.5287,0.4799,0.7891,0.7826,171.58,168.93,False,False,False,False,True
18.138,False,True,0.0,0.0803,0.075,0.5112,0.5287,0.48,0.7886,0.7825,171.43,168.71,False,False,False,False,True
18.171,False,True,0.0,0.0804,0.0752,0.5111,0.5287,0.4802,0.7881,0.7825,171.15,168.72,False,False,False,False,True
18.205,False,True,0.0,0.0804,0.0752,0.5111,0.5288,0.4803,0.788,0.7825,171.15,168.72,False,False,False,False,True
18.238,False,True,0.0,0.0803,0.0754,0.5111,0.5289,0.4805,0.7879,0.7828,171.17,168.75,False,False,False,False,True
18.272,False,True,0.0,0.081,0.0758,0.5111,0.5288,0.4809,0.7876,0.7831,171.04,169.13,False,False,False,False,True
18.305,False,True,0.0,0.0794,0.0755,0.5109,0.5287,0.4808,0.7886,0.784,170.97,169.12,False,False,False,False,True
18.338,False,True,0.0,0.0794,0.0758,0.5107,0.5289,0.4808,0.7889,0.7845,171.15,169.19,False,False,False,False,True
18.372,False,True,0.0,0.08,0.076,0.5104,0.5293,0.4808,0.7889,0.7849,171.15,169.3,False,False,False,False,True
18.405,False,True,0.0,0.0798,0.0761,0.5102,0.5293,0.4808,0.7893,0.7849,171.07,169.63,False,False,False,False,True
18.439,False,True,0.0,0.0789,0.0757,0.5094,0.5291,0.4807,0.7895,0.7849,171.3,169.76,False,False,False,False,True
18.472,False,True,0.0,0.0788,0.0759,0.5089,0.5294,0.4806,0.7894,0.785,171.28,169.59,False,False,False,False,True
18.505,False,True,0.0,0.0799,0.0761,0.5083,0.5288,0.4806,0.7894,0.785,171.16,170.26,False,False,False,False,True
18.539,False,True,0.0,0.0804,0.0755,0.5073,0.5288,0.4805,0.7906,0.7849,170.79,170.32,False,False,False,False,True
18.572,False,True,0.0,0.0792,0.0753,0.506,0.5284,0.4803,0.7902,0.7846,170.67,170.15,False,False,False,False,True
18.606,False,True,0.0,0.079,0.0752,0.5047,0.5283,0.4795,0.7901,0.7846,170.77,169.85,False,False,False,False,True
18.639,False,True,0.0,0.0789,0.0755,0.5028,0.5281,0.4794,0.7896,0.7846,170.8,169.71,False,False,False,False,True
18.672,False,True,0.0,0.0792,0.0758,0.5014,0.5281,0.4794,0.7891,0.7845,170.88,169.62,False,False,False,False,True
18.706,False,True,0.0,0.0795,0.0763,0.5005,0.528,0.4793,0.7891,0.7845,170.55,170.1,False,False,False,False,True
18.739,False,True,0.0,0.0795,0.076,0.4995,0.5279,0.4786,0.7896,0.7845,170.23,169.83,False,False,False,False,True
18.773,False,True,0.0,0.0792,0.0765,0.4984,0.5278,0.4783,0.789,0.7845,170.47,169.79,False,False,False,False,True
18.806,False,True,0.0,0.0775,0.0758,0.4974,0.5278,0.4783,0.7891,0.7842,170.21,169.73,False,False,False,False,True
18.839,False,True,0.0,0.0782,0.0767,0.4968,0.5273,0.4781,0.7885,0.7841,170.53,169.82,False,False,False,False,True
18.873,False,True,0.0,0.078,0.0763,0.4967,0.5271,0.478,0.7887,0.7842,170.42,170.02,False,False,False,False,True
18.906,False,True,0.0,0.0786,0.0768,0.4964,0.527,0.478,0.7885,0.7841,170.4,170.1,False,False,False,False,True
18.939,False,True,0.0,0.0781,0.0766,0.4963,0.527,0.478,0.7892,0.7841,170.37,170.26,False,False,False,False,True
18.973,False,True,0.0,0.0783,0.0768,0.4961,0.5264,0.4782,0.7888,0.784,170.33,170.33,False,False,False,False,True
19.006,False,True,0.0,0.0789,0.0772,0.4961,0.5264,0.4782,0.7891,0.7846,170.5,170.43,False,False,False,False,True
19.04,False,True,0.0,0.0785,0.0772,0.4961,0.5263,0.4785,0.7891,0.785,170.55,170.44,False,False,False,False,True
19.073,False,True,0.0,0.0787,0.0774,0.4961,0.5261,0.4785,0.7893,0.7853,170.61,170.45,False,False,False,False,True
19.106,False,True,0.0,0.0788,0.0771,0.4961,0.526,0.4788,0.7895,0.7854,170.64,170.45,False,False,False,False,True
19.14,False,True,0.0,0.0792,0.0773,0.496,0.5255,0.4788,0.7896,0.7856,170.76,170.54,False,False,False,False,True
19.173,False,True,0.0,0.0795,0.0774,0.4959,0.5255,0.4788,0.7896,0.7854,170.81,170.46,False,False,False,False,True
19.207,False,True,0.0,0.0791,0.0774,0.4959,0.5254,0.4788,0.7897,0.7854,170.84,170.46,False,False,False,False,True
19.24,False,True,0.0,0.0793,0.0774,0.4959,0.5254,0.479,0.7898,0.7851,170.91,170.5,False,False,False,False,True
19.273,False,True,0.0,0.0794,0.0772,0.4958,0.5254,0.479,0.7902,0.7851,170.91,170.49,False,False,False,False,True
19.307,False,True,0.0,0.0795,0.0772,0.4957,0.525,0.4789,0.7902,0.7851,170.98,170.47,False,False,False,False,True
19.34,False,True,0.0,0.0793,0.077,0.4955,0.525,0.4789,0.7902,0.785,170.87,170.52,False,False,False,False,True
19.374,False,True,0.0,0.0794,0.0771,0.4954,0.5249,0.4789,0.7902,0.7849,170.92,170.2,False,False,False,False,True
19.407,False,True,0.0,0.0795,0.0773,0.4952,0.5249,0.4789,0.7907,0.785,170.97,170.25,False,False,False,False,True
19.44,False,True,0.0,0.0795,0.077,0.4951,0.5249,0.479,0.7909,0.7848,170.87,170.21,False,False,False,False,True
19.474,False,True,0.0,0.0796,0.077,0.4951,0.5249,0.4789,0.7908,0.7848,170.8,170.57,False,False,False,False,True
19.507,False,True,0.0,0.0798,0.0772,0.495,0.5249,0.4789,0.791,0.785,170.73,170.52,False,False,False,False,True
19.541,False,True,0.0,0.0799,0.077,0.495,0.525,0.4788,0.7912,0.785,170.69,170.62,False,False,False,False,True
19.574,False,True,0.0,0.0803,0.0775,0.4949,0.5249,0.4788,0.7911,0.7854,170.64,170.67,False,False,False,False,True
19.607,False,True,0.0,0.0793,0.0773,0.4946,0.5248,0.4787,0.7911,0.7856,170.24,170.55,False,False,False,False,True
19.641,False,True,0.0,0.079,0.0772,0.4943,0.5248,0.4787,0.7912,0.7857,169.96,170.5,False,False,False,False,True
19.674,False,True,0.0,0.0789,0.077,0.4939,0.5246,0.4787,0.7912,0.7858,169.89,170.5,False,False,False,False,True
19.708,False,True,0.0,0.0787,0.077,0.4936,0.5245,0.4786,0.7911,0.7858,169.86,170.19,False,False,False,False,True
19.741,False,True,0.0,0.0783,0.0769,0.4931,0.5244,0.4785,0.7911,0.7858,170.07,169.65,False,False,False,False,True
19.774,False,True,0.0,0.0782,0.0768,0.4928,0.5244,0.4784,0.7912,0.7854,170.17,170.15,False,False,False,False,True
19.808,False,True,0.0,0.0786,0.0775,0.4921,0.5229,0.4784,0.7904,0.786,170.53,170.07,False,False,False,False,True
19.841,False,True,0.0,0.0788,0.0778,0.4913,0.5234,0.4783,0.7913,0.786,170.55,169.77,False,False,False,False,True
19.875,False,True,0.0,0.0789,0.0779,0.4905,0.523,0.478,0.7915,0.786,170.8,169.4,False,False,False,False,True
19.908,False,True,0.0,0.08,0.0787,0.4895,0.5232,0.4771,0.7925,0.7865,171.25,169.05,False,False,False,False,True
19.941,False,True,0.0,0.0806,0.0785,0.4888,0.5234,0.4771,0.7933,0.7869,171.75,168.85,False,False,False,False,True
19.975,False,True,0.0,0.0818,0.0784,0.4877,0.5245,0.4761,0.7942,0.7872,172.08,168.68,False,False,False,False,True
